mode,symbol,date,direction,entry_time,exit_time,entry_price,exit_price,stop_loss,target,exit_reason,adx_at_entry,or_high,or_low,gap_pct,qty,gross_pnl,costs,net_pnl,cumulative_pnl,equity
BACKTEST,CUPID,2026-07-06,LONG,2026-07-06 10:00:00+05:30,2026-07-06 15:15:00+05:30,205.0,213.99,195.5,219.25,SQUARE_OFF_EOD,60.57880689524124,205.0,200.25,0.6432807317318329,6,53.94,6.15,47.79,47.79,2547.79
BACKTEST,CUPID,2026-07-07,LONG,2026-07-07 11:30:00+05:30,2026-07-07 15:15:00+05:30,220.0,221.63,194.7,257.95000000000005,SQUARE_OFF_EOD,61.56836935449307,220.0,207.35,1.406607785410529,6,9.78,6.6,3.18,50.97,2550.97
BACKTEST,CUPID,2026-07-08,SHORT,2026-07-08 14:00:00+05:30,2026-07-08 15:00:00+05:30,222.01,185.1439800000005,229.99,210.04,TRAILING_SL,62.50266600316606,226.0,222.01,0.3158417181789545,6,221.1961,6.6603,214.5358,265.5058,2765.5058
BACKTEST,CUPID,2026-07-09,LONG,2026-07-09 10:15:00+05:30,2026-07-09 15:15:00+05:30,208.5,214.52,183.5,246.0,SQUARE_OFF_EOD,54.8595289075882,208.5,196.0,2.083333333333333,6,36.12,6.255,29.865,295.3708,2795.3708
BACKTEST,CUPID,2026-07-10,LONG,2026-07-10 10:15:00+05:30,2026-07-10 15:15:00+05:30,219.4,212.98,201.88,245.6800000000001,SQUARE_OFF_EOD,52.09116759101413,219.4,210.64,1.6222263658400098,6,-38.52,6.582,-45.102,250.2688,2750.2688
BACKTEST,CUPID,2026-07-13,SHORT,2026-07-13 10:00:00+05:30,2026-07-13 15:15:00+05:30,209.28,207.99,221.22,191.37,SQUARE_OFF_EOD,49.80571069957084,215.25,209.28,-0.3474504648323696,6,7.74,6.2784,1.4616,251.7304,2751.7304
BACKTEST,CUPID,2026-07-14,LONG,2026-07-14 09:30:00+05:30,2026-07-14 15:15:00+05:30,211.0,217.4,204.52,220.72000000000003,SQUARE_OFF_EOD,47.30961702615394,211.0,207.76,-0.0432713111207285,6,38.4,6.33,32.07,283.8004,2783.8004
BACKTEST,CUPID,2026-07-15,LONG,2026-07-15 09:45:00+05:30,2026-07-15 10:15:00+05:30,220.6,219.29480000000004,217.53,225.205,TRAILING_SL,45.85199601737776,220.6,217.53,0.9153633854645724,6,-7.8312,6.618,-14.4492,269.3512,2769.3512
BACKTEST,CUPID,2026-07-16,SHORT,2026-07-16 09:45:00+05:30,2026-07-16 09:45:00+05:30,220.4,220.2368,222.0,218.0,TRAILING_SL,44.43495557720905,222.0,220.4,0.5236794171220427,6,0.9792,6.612,-5.6328,263.7184,2763.7184
BACKTEST,CUPID,2026-07-17,LONG,2026-07-17 10:45:00+05:30,2026-07-17 15:15:00+05:30,214.9,214.5,197.96,240.31,SQUARE_OFF_EOD,41.54724261307025,214.9,206.43,0.1925877213584597,6,-2.4,6.447,-8.847,254.8714,2754.8714
BACKTEST,CUPID,2026-07-20,SHORT,2026-07-20 09:30:00+05:30,2026-07-20 15:15:00+05:30,212.58,208.5,221.02,199.92,SQUARE_OFF_EOD,39.497721489601965,216.8,212.58,-0.0466200466200439,6,24.48,6.3774,18.1026,272.974,2772.974
BACKTEST,CUPID,2026-07-21,LONG,2026-07-21 09:30:00+05:30,2026-07-21 15:15:00+05:30,212.61,211.5,202.79,227.3400000000001,SQUARE_OFF_EOD,36.38252928111409,212.61,207.7,-0.3645083932853674,6,-6.66,6.3783,-13.0383,259.9357,2759.9357
BACKTEST,CUPID,2026-07-22,SHORT,2026-07-22 09:30:00+05:30,2026-07-22 15:15:00+05:30,209.0,207.2,217.72000000000003,195.92,SQUARE_OFF_EOD,34.016521935600466,213.36,209.0,-0.1182033096926714,6,10.8,6.27,4.53,264.4657,2764.4657
BACKTEST,CUPID,2026-07-23,SHORT,2026-07-23 11:45:00+05:30,2026-07-23 15:15:00+05:30,207.0,208.65,214.58,195.63,SQUARE_OFF_EOD,31.672560404151938,210.79,207.0,0.1447876447876503,6,-9.9,6.21,-16.11,248.3557,2748.3557
BACKTEST,CUPID,2026-07-24,LONG,2026-07-24 09:30:00+05:30,2026-07-24 15:15:00+05:30,209.84,213.5,202.34,221.09,SQUARE_OFF_EOD,29.41329801153964,209.84,206.09,0.033549005511619,6,21.96,6.2952,15.6648,264.0205,2764.0205
BACKTEST,CUPID,2026-07-27,LONG,2026-07-27 10:00:00+05:30,2026-07-27 15:15:00+05:30,218.0,221.8,209.5,230.75,SQUARE_OFF_EOD,28.34168165624578,218.0,213.75,0.4964871194379401,6,22.8,6.54,16.26,280.2805,2780.2805
BACKTEST,CUPID,2026-07-28,LONG,2026-07-28 09:30:00+05:30,2026-07-28 15:15:00+05:30,225.99,232.0,217.41,238.86000000000007,SQUARE_OFF_EOD,28.367217611129,225.99,221.7,0.3561767357980126,6,36.06,6.7797,29.2803,309.5608,2809.5608
BACKTEST,CUPID,2026-07-29,LONG,2026-07-29 10:00:00+05:30,2026-07-29 15:15:00+05:30,233.8,233.76,218.28,257.08000000000004,SQUARE_OFF_EOD,28.71314980012825,233.8,226.04,0.7758620689655221,6,-0.24,7.014,-7.254,302.3068,2802.3068
BACKTEST,CUPID,2026-07-30,SHORT,2026-07-30 11:30:00+05:30,2026-07-30 15:15:00+05:30,229.29,230.05,239.71,213.66,SQUARE_OFF_EOD,28.87938040909278,234.5,229.29,0.1026694045174576,6,-4.56,6.8787,-11.4387,290.8681,2790.8681
BACKTEST,CUPID,2026-07-31,LONG,2026-07-31 09:30:00+05:30,2026-07-31 15:15:00+05:30,234.3,230.3,224.58,248.88000000000005,SQUARE_OFF_EOD,29.012592087775325,234.3,229.44,0.1086720278200391,6,-24.0,7.029,-31.029,259.8391,2759.8391
BACKTEST,CUPID,2026-08-03,LONG,2026-08-03 09:30:00+05:30,2026-08-03 15:15:00+05:30,233.0,231.4,225.0,245.0,SQUARE_OFF_EOD,29.05917796176152,233.0,229.0,0.5210594876248322,6,-9.6,6.99,-16.59,243.2491,2743.2491
BACKTEST,CUPID,2026-08-04,LONG,2026-08-04 09:30:00+05:30,2026-08-04 15:15:00+05:30,239.45,237.8,227.25,257.75,SQUARE_OFF_EOD,29.610743009343487,239.45,233.35,1.1668107173725102,6,-9.9,7.1835,-17.0835,226.1656,2726.1656
BACKTEST,CUPID,2026-08-05,LONG,2026-08-05 09:30:00+05:30,2026-08-05 13:00:00+05:30,243.0,247.5,240.0,247.5,TARGET,30.53172838280352,243.0,240.0,0.9251471825063032,6,27.0,7.29,19.71,245.8756,2745.8756
BACKTEST,CUPID,2026-08-06,LONG,2026-08-06 09:30:00+05:30,2026-08-06 15:15:00+05:30,258.0,263.0,249.6,270.6,SQUARE_OFF_EOD,32.74889316535745,258.0,253.8,0.4349545274812156,6,30.0,7.74,22.26,268.1356,2768.1356
BACKTEST,CUPID,2026-08-11,LONG,2026-08-11 09:30:00+05:30,2026-08-11 15:15:00+05:30,270.0,277.0,259.4,285.90000000000003,SQUARE_OFF_EOD,32.36651142292367,270.0,264.7,0.2155416903006213,6,42.0,8.1,33.9,302.0356,2802.0356
BACKTEST,CUPID,2026-08-12,LONG,2026-08-12 10:15:00+05:30,2026-08-12 15:15:00+05:30,287.0,290.0,271.84000000000003,309.73999999999995,SQUARE_OFF_EOD,33.586257657480154,287.0,279.42,1.444043321299639,6,18.0,8.61,9.39,311.4256,2811.4256
BACKTEST,CUPID,2026-08-14,SHORT,2026-08-14 09:45:00+05:30,2026-08-14 10:30:00+05:30,295.0,297.2300000000001,299.0,289.0,TRAILING_SL,36.08372691453597,299.0,295.0,0.006780120686142,6,-13.38,8.85,-22.23,289.1956,2789.1956
BACKTEST,CUPID,2026-08-17,SHORT,2026-08-17 14:15:00+05:30,2026-08-17 14:45:00+05:30,285.0,256.11000000000064,305.70000000000005,253.95,TRAILING_SL,36.487633275223565,295.35,285.0,0.5153583617747409,6,173.34,8.55,164.79,453.9856,2953.9856
BACKTEST,CUPID,2026-08-18,SHORT,2026-08-18 09:30:00+05:30,2026-08-18 15:15:00+05:30,269.0,282.99,299.0,224.0,SQUARE_OFF_EOD,32.48360806155405,284.0,269.0,1.073676416142161,6,-83.94,8.07,-92.01,361.9756,2861.9756
BACKTEST,CUPID,2026-08-19,SHORT,2026-08-19 09:45:00+05:30,2026-08-19 15:15:00+05:30,279.0,283.5,297.0,252.0,SQUARE_OFF_EOD,30.71541291156196,288.0,279.0,0.8692886674440721,6,-27.0,8.37,-35.37,326.6056,2826.6056
BACKTEST,CUPID,2026-08-20,SHORT,2026-08-20 09:30:00+05:30,2026-08-20 15:15:00+05:30,280.2,282.3,292.00000000000006,262.4999999999999,SQUARE_OFF_EOD,28.70498434198544,286.1,280.2,0.9171075837742584,6,-12.6,8.406,-21.006,305.5996,2805.5996
BACKTEST,CUPID,2026-08-21,LONG,2026-08-21 09:30:00+05:30,2026-08-21 15:15:00+05:30,287.77,283.99,276.03,305.38,SQUARE_OFF_EOD,26.891013810645173,287.77,281.9,-0.1098122564647546,6,-22.68,8.6331,-31.3131,274.2865,2774.2865
BACKTEST,CUPID,2026-08-24,SHORT,2026-08-24 09:30:00+05:30,2026-08-24 09:45:00+05:30,284.0,291.46400000000006,292.6,271.1,TRAILING_SL,25.155748401536435,288.3,284.0,0.5317088629881301,6,-44.784,8.52,-53.304,220.9825,2720.9825
BACKTEST,TCC,2026-07-20,SHORT,2026-07-20 09:45:00+05:30,2026-07-20 15:15:00+05:30,286.0,288.0,303.79999999999995,259.30000000000007,SQUARE_OFF_EOD,25.7980273467579,294.9,286.0,0.8549931600547196,6,-12.0,8.58,-20.58,200.4025,2700.4025
BACKTEST,TCC,2026-07-21,SHORT,2026-07-21 09:30:00+05:30,2026-07-21 15:15:00+05:30,285.25,289.0,308.75,250.0,SQUARE_OFF_EOD,27.504652351378684,297.0,285.25,1.3888888888888888,6,-22.5,8.5575,-31.0575,169.345,2669.345
BACKTEST,TCC,2026-07-22,SHORT,2026-07-22 09:30:00+05:30,2026-07-22 15:15:00+05:30,281.2,272.05,304.8,245.79999999999995,SQUARE_OFF_EOD,29.35477613661548,293.0,281.2,0.121107266435994,6,54.9,8.436,46.464,215.809,2715.809
BACKTEST,TCC,2026-07-24,SHORT,2026-07-24 09:30:00+05:30,2026-07-24 09:30:00+05:30,277.55,278.88980000000004,280.0,273.875,TRAILING_SL,33.48263878394883,280.0,277.55,-0.5328596802841918,6,-8.0388,8.3265,-16.3653,199.4437,2699.4437
BACKTEST,TCC,2026-07-27,SHORT,2026-07-27 09:45:00+05:30,2026-07-27 15:15:00+05:30,274.2,268.05,290.40000000000003,249.89999999999992,SQUARE_OFF_EOD,35.01239123079442,282.3,274.2,3.505230317489452,6,36.9,8.226,28.674,228.1177,2728.1177
BACKTEST,TCC,2026-07-28,SHORT,2026-07-28 09:30:00+05:30,2026-07-28 15:15:00+05:30,263.0,264.85,280.70000000000005,236.45,SQUARE_OFF_EOD,37.36930975608533,271.85,263.0,0.6901697444506494,6,-11.1,7.89,-18.99,209.1277,2709.1277
BACKTEST,TCC,2026-07-29,LONG,2026-07-29 09:45:00+05:30,2026-07-29 10:30:00+05:30,267.0,276.1979999999998,264.45,270.82500000000005,TRAILING_SL,39.24984572432066,267.0,264.45,-0.1510288842741303,6,55.188,8.01,47.178,256.3057,2756.3057
BACKTEST,TCC,2026-07-30,LONG,2026-07-30 09:45:00+05:30,2026-07-30 14:00:00+05:30,283.95,285.35120000000023,269.45,305.7,TRAILING_SL,37.97735664415668,283.95,276.7,3.142026879767518,6,8.4072,8.5185,-0.1113,256.1944,2756.1944
BACKTEST,TCC,2026-07-31,SHORT,2026-07-31 10:15:00+05:30,2026-07-31 15:15:00+05:30,289.0,290.0,327.0,232.0,SQUARE_OFF_EOD,35.02996915373929,308.0,289.0,4.294905233872358,6,-6.0,8.67,-14.67,241.5244,2741.5244
BACKTEST,TCC,2026-08-03,SHORT,2026-08-03 09:30:00+05:30,2026-08-03 15:15:00+05:30,297.5,287.5,346.5,224.0,SQUARE_OFF_EOD,32.822145248272754,322.0,297.5,11.03448275862069,6,60.0,8.925,51.075,292.5994,2792.5994
BACKTEST,TCC,2026-08-04,SHORT,2026-08-04 09:30:00+05:30,2026-08-04 15:15:00+05:30,292.6,290.0,301.5,279.25000000000006,SQUARE_OFF_EOD,30.77202305033955,297.05,292.6,2.260869565217392,6,15.6,8.778,6.822,299.4214,2799.4214
BACKTEST,TCC,2026-08-05,SHORT,2026-08-05 09:30:00+05:30,2026-08-05 15:15:00+05:30,294.3,286.5,307.40000000000003,274.65,SQUARE_OFF_EOD,28.924920933209908,300.85,294.3,1.810344827586207,6,46.8,8.829,37.971,337.3924,2837.3924
BACKTEST,TCC,2026-08-06,SHORT,2026-08-06 13:15:00+05:30,2026-08-06 15:15:00+05:30,277.8,272.0,300.99999999999994,243.0000000000001,SQUARE_OFF_EOD,27.165256964263826,289.4,277.8,1.012216404886554,6,34.8,8.334,26.466,363.8584,2863.8584
BACKTEST,TCC,2026-08-07,LONG,2026-08-07 09:30:00+05:30,2026-08-07 09:30:00+05:30,274.9,273.7496,272.65,278.275,TRAILING_SL,26.10503865707425,274.9,272.65,0.8823529411764622,6,-6.9024,8.247,-15.1494,348.709,2848.709
BACKTEST,TCC,2026-08-14,LONG,2026-08-14 13:30:00+05:30,2026-08-14 14:45:00+05:30,255.95,257.92370000000005,246.15000000000003,270.6499999999999,TRAILING_SL,25.01999373472263,255.95,251.05,0.5527043031977802,6,11.8422,7.6785,4.1637,352.8727,2852.8727
BACKTEST,KABRAEXTRU,2026-07-06,LONG,2026-07-06 09:30:00+05:30,2026-07-06 15:15:00+05:30,300.0,299.5,246.0,381.0,SQUARE_OFF_EOD,39.15639554329679,300.0,273.0,-0.091491308325709,6,-3.0,9.0,-12.0,340.8727,2840.8727
BACKTEST,KABRAEXTRU,2026-07-07,SHORT,2026-07-07 09:45:00+05:30,2026-07-07 15:15:00+05:30,290.15,293.6,313.75,254.75,SQUARE_OFF_EOD,41.60489342640155,301.95,290.15,-0.8347245409015025,6,-20.7,8.7045,-29.4045,311.4682,2811.4682
BACKTEST,KABRAEXTRU,2026-07-08,LONG,2026-07-08 10:00:00+05:30,2026-07-08 14:45:00+05:30,290.0,277.8199999999999,272.6,316.1,TRAILING_SL,42.68946090266181,290.0,281.3,-1.2261580381471466,6,-73.08,8.7,-81.78,229.6882,2729.6882
BACKTEST,KABRAEXTRU,2026-07-09,LONG,2026-07-09 10:00:00+05:30,2026-07-09 15:15:00+05:30,286.4,295.0,275.6,302.5999999999999,SQUARE_OFF_EOD,42.7183555498417,286.4,281.0,0.0,6,51.6,8.592,43.008,272.6962,2772.6962
BACKTEST,KABRAEXTRU,2026-07-10,SHORT,2026-07-10 12:30:00+05:30,2026-07-10 15:15:00+05:30,295.65,293.95,299.5,289.87499999999994,SQUARE_OFF_EOD,43.53849537473648,299.5,295.65,0.2203389830508397,6,10.2,8.8695,1.3305,274.0267,2774.0267
BACKTEST,KABRAEXTRU,2026-07-13,LONG,2026-07-13 10:15:00+05:30,2026-07-13 15:15:00+05:30,305.0,317.95,265.0,365.0,SQUARE_OFF_EOD,44.44129323152117,305.0,285.0,-0.4252423881612519,6,77.7,9.15,68.55,342.5767,2842.5767
BACKTEST,KABRAEXTRU,2026-07-14,SHORT,2026-07-14 09:45:00+05:30,2026-07-14 11:30:00+05:30,312.5,310.75,317.0,305.75,TRAILING_SL,46.39361391850076,317.0,312.5,-0.8963673533574354,6,10.5,9.375,1.125,343.7017,2843.7017
BACKTEST,KABRAEXTRU,2026-07-15,LONG,2026-07-15 09:30:00+05:30,2026-07-15 11:30:00+05:30,325.15,316.8021000000001,312.25,344.49999999999994,TRAILING_SL,48.24730212522385,325.15,318.7,0.3295151420053386,6,-50.0874,9.7545,-59.8419,283.8598,2783.8598
BACKTEST,KABRAEXTRU,2026-07-16,SHORT,2026-07-16 10:00:00+05:30,2026-07-16 15:00:00+05:30,323.05,331.78120000000007,336.95,302.20000000000005,TRAILING_SL,49.69067609425457,330.0,323.05,0.6211180124223602,6,-52.3872,9.6915,-62.0787,221.7811,2721.7811
BACKTEST,KABRAEXTRU,2026-07-17,LONG,2026-07-17 10:15:00+05:30,2026-07-17 15:15:00+05:30,334.25,331.6,309.35,371.6,SQUARE_OFF_EOD,51.29097058882673,334.25,321.8,0.677710843373494,6,-15.9,10.0275,-25.9275,195.8536,2695.8536
BACKTEST,KABRAEXTRU,2026-07-20,LONG,2026-07-20 09:30:00+05:30,2026-07-20 09:30:00+05:30,332.0,334.33999999999986,327.7,338.45000000000005,TRAILING_SL,52.895012601314576,332.0,327.7,0.1206272617611511,6,14.04,9.96,4.08,199.9336,2699.9336
BACKTEST,KABRAEXTRU,2026-07-22,SHORT,2026-07-22 09:30:00+05:30,2026-07-22 10:30:00+05:30,352.8,354.622,358.15,344.7750000000001,TRAILING_SL,56.45402081451847,358.15,352.8,-0.6127280323074749,6,-10.932,10.584,-21.516,178.4176,2678.4176
BACKTEST,KABRAEXTRU,2026-07-23,LONG,2026-07-23 15:15:00+05:30,2026-07-23 15:15:00+05:30,351.95,355.0,324.45,393.2,SQUARE_OFF_EOD,55.83003533145323,351.95,338.2,1.5751508906227067,6,18.3,10.5585,7.7415,186.1591,2686.1591
BACKTEST,KABRAEXTRU,2026-07-24,LONG,2026-07-24 11:30:00+05:30,2026-07-24 15:15:00+05:30,359.75,381.9,331.54999999999995,402.05000000000007,SQUARE_OFF_EOD,56.40204830116277,359.75,345.65,-0.5633802816901409,6,132.9,10.7925,122.1075,308.2666,2808.2666
BACKTEST,KABRAEXTRU,2026-07-27,LONG,2026-07-27 09:30:00+05:30,2026-07-27 15:15:00+05:30,394.1,407.0,360.4,444.6500000000001,SQUARE_OFF_EOD,58.08440784065376,394.1,377.25,2.644671379942399,6,77.4,11.823,65.577,373.8436,2873.8436
BACKTEST,KABRAEXTRU,2026-07-28,SHORT,2026-07-28 09:30:00+05:30,2026-07-28 15:15:00+05:30,397.05,396.1,413.35,372.6000000000001,SQUARE_OFF_EOD,59.397068448307024,405.2,397.05,-0.4422604422604451,6,5.7,11.9115,-6.2115,367.6321,2867.6321
BACKTEST,KABRAEXTRU,2026-07-30,SHORT,2026-07-30 09:30:00+05:30,2026-07-30 15:15:00+05:30,379.0,356.0,401.3,345.55000000000007,SQUARE_OFF_EOD,59.447170319857086,390.15,379.0,0.4505664263645726,6,138.0,11.37,126.63,494.2621,2994.2621
BACKTEST,KABRAEXTRU,2026-07-31,LONG,2026-07-31 09:45:00+05:30,2026-07-31 15:15:00+05:30,370.7,397.45,344.3,410.3,SQUARE_OFF_EOD,55.75997728421368,370.7,357.5,0.5617977528089888,6,160.5,11.121,149.379,643.6411,3143.6411
BACKTEST,KABRAEXTRU,2026-08-03,LONG,2026-08-03 09:30:00+05:30,2026-08-03 11:30:00+05:30,403.2,431.1519999999998,386.8,427.8,TRAILING_SL,54.88248865751284,403.2,395.0,0.8931941124669799,6,167.712,12.096,155.616,799.2571,3299.2571
BACKTEST,KABRAEXTRU,2026-08-04,SHORT,2026-08-04 13:45:00+05:30,2026-08-04 15:15:00+05:30,413.05,410.25,434.95,380.2000000000001,SQUARE_OFF_EOD,55.45651014751024,424.0,413.05,0.0119331742243463,6,16.8,12.3915,4.4085,803.6656,3303.6656
BACKTEST,KABRAEXTRU,2026-08-05,LONG,2026-08-05 12:00:00+05:30,2026-08-05 15:15:00+05:30,440.0,456.9,390.0,515.0,SQUARE_OFF_EOD,55.52528474171461,440.0,415.0,1.157830591102986,6,101.4,13.2,88.2,891.8656,3391.8656
BACKTEST,KABRAEXTRU,2026-08-06,LONG,2026-08-06 10:00:00+05:30,2026-08-06 15:15:00+05:30,473.9,472.7,431.80000000000007,537.0499999999998,SQUARE_OFF_EOD,56.32924941179255,473.9,452.85,0.0218866272707425,6,-7.2,14.217,-21.417,870.4486,3370.4486
BACKTEST,KABRAEXTRU,2026-08-07,SHORT,2026-08-07 09:30:00+05:30,2026-08-07 15:15:00+05:30,468.25,452.0,497.35,424.6,SQUARE_OFF_EOD,57.02053262068203,482.8,468.25,-0.1480854664692169,6,97.5,14.0475,83.4525,953.9011,3453.9011
BACKTEST,KABRAEXTRU,2026-08-10,LONG,2026-08-10 09:30:00+05:30,2026-08-10 15:15:00+05:30,462.25,510.0,404.4500000000001,548.9499999999999,SQUARE_OFF_EOD,55.7707844453439,462.25,433.35,-1.5486725663716814,6,286.5,13.8675,272.6325,1226.5336,3726.5336
BACKTEST,KABRAEXTRU,2026-08-11,LONG,2026-08-11 10:15:00+05:30,2026-08-11 15:15:00+05:30,517.35,511.0,466.75,593.25,SQUARE_OFF_EOD,57.00856461158486,517.35,492.05,-1.2254901960784317,6,-38.1,15.5205,-53.6205,1172.9131,3672.9131
BACKTEST,KABRAEXTRU,2026-08-12,LONG,2026-08-12 09:30:00+05:30,2026-08-12 15:00:00+05:30,515.45,495.58089999999993,494.55,546.8000000000002,TRAILING_SL,57.40794687133283,515.45,505.0,-1.1741682974559686,6,-119.2146,15.4635,-134.6781,1038.235,3538.235
BACKTEST,KABRAEXTRU,2026-08-13,SHORT,2026-08-13 09:30:00+05:30,2026-08-13 15:15:00+05:30,487.55,487.5,512.25,450.5000000000001,SQUARE_OFF_EOD,56.926430457921285,499.9,487.55,1.0307194826192332,6,0.3,14.6265,-14.3265,1023.9085,3523.9085
BACKTEST,KABRAEXTRU,2026-08-14,LONG,2026-08-14 09:30:00+05:30,2026-08-14 15:15:00+05:30,507.65,513.0,464.75,572.0,SQUARE_OFF_EOD,56.535553545126895,507.65,486.2,-0.266666666666669,6,32.1,15.2295,16.8705,1040.779,3540.779
BACKTEST,KABRAEXTRU,2026-08-17,SHORT,2026-08-17 09:45:00+05:30,2026-08-17 15:15:00+05:30,508.05,522.2,529.95,475.2000000000001,SQUARE_OFF_EOD,56.70211409207714,519.0,508.05,1.1695906432748535,6,-84.9,15.2415,-100.1415,940.6375,3440.6375
BACKTEST,KABRAEXTRU,2026-08-18,SHORT,2026-08-18 09:30:00+05:30,2026-08-18 15:15:00+05:30,512.1,509.0,533.8000000000001,479.55,SQUARE_OFF_EOD,56.76523756999012,522.95,512.1,0.1436231328992722,6,18.6,15.363,3.237,943.8745,3443.8745
BACKTEST,KABRAEXTRU,2026-08-19,LONG,2026-08-19 09:30:00+05:30,2026-08-19 09:30:00+05:30,512.5,512.6999999999999,506.55,521.425,TRAILING_SL,56.6865730295718,512.5,506.55,0.0392927308447914,6,1.2,15.375,-14.175,929.6995,3429.6995
BACKTEST,KABRAEXTRU,2026-08-20,LONG,2026-08-20 09:30:00+05:30,2026-08-20 15:15:00+05:30,534.4,529.54,477.80000000000007,619.2999999999998,SQUARE_OFF_EOD,55.87028800492566,534.4,506.1,0.6163021868787322,6,-29.16,16.032,-45.192,884.5075,3384.5075
BACKTEST,KABRAEXTRU,2026-08-21,LONG,2026-08-21 09:30:00+05:30,2026-08-21 12:30:00+05:30,531.0,559.3500000000001,512.0999999999999,559.3500000000001,TARGET,55.70115634275594,531.0,521.55,0.0963100049099201,6,170.1,15.93,154.17,1038.6775,3538.6775
BACKTEST,KABRAEXTRU,2026-08-24,LONG,2026-08-24 09:30:00+05:30,2026-08-24 15:15:00+05:30,582.45,611.95,551.55,628.8000000000002,SQUARE_OFF_EOD,56.827531600957634,582.45,567.0,1.1957879707299743,6,177.0,17.4735,159.5265,1198.204,3698.204
BACKTEST,KABRAEXTRU,2026-08-25,SHORT,2026-08-25 09:30:00+05:30,2026-08-25 15:15:00+05:30,598.1,612.0,634.8000000000001,543.05,SQUARE_OFF_EOD,57.99630961978483,616.45,598.1,0.0,6,-83.4,17.943,-101.343,1096.861,3596.861
BACKTEST,KABRAEXTRU,2026-08-26,SHORT,2026-08-26 09:30:00+05:30,2026-08-26 15:15:00+05:30,600.0,602.8,626.0,561.0,SQUARE_OFF_EOD,58.78236947664506,613.0,600.0,0.1633986928104575,6,-16.8,18.0,-34.8,1062.061,3562.061
BACKTEST,KABRAEXTRU,2026-08-27,SHORT,2026-08-27 11:15:00+05:30,2026-08-27 13:45:00+05:30,601.65,589.425,609.8,589.425,TARGET,59.51228220087241,609.8,601.65,0.0082946250829575,6,73.35,18.0495,55.3005,1117.3615,3617.3615
BACKTEST,KABRAEXTRU,2026-08-28,LONG,2026-08-28 09:30:00+05:30,2026-08-28 09:30:00+05:30,593.0,589.1080000000001,585.55,604.1750000000001,TRAILING_SL,58.76427144976151,593.0,585.55,0.0,6,-23.352,17.79,-41.142,1076.2195,3576.2195
BACKTEST,KABRAEXTRU,2026-08-31,SHORT,2026-08-31 09:30:00+05:30,2026-08-31 15:15:00+05:30,593.5,602.0,624.3,547.3000000000001,SQUARE_OFF_EOD,57.93434148625404,608.9,593.5,0.8475984709988215,6,-51.0,17.805,-68.805,1007.4145,3507.4145
BACKTEST,KABRAEXTRU,2026-09-01,SHORT,2026-09-01 09:30:00+05:30,2026-09-01 15:15:00+05:30,592.75,575.0,617.95,554.9499999999999,SQUARE_OFF_EOD,57.53976958751487,605.35,592.75,0.215946843853813,6,106.5,17.7825,88.7175,1096.132,3596.132
BACKTEST,KABRAEXTRU,2026-09-03,SHORT,2026-09-03 11:00:00+05:30,2026-09-03 15:15:00+05:30,570.0,564.95,613.5,504.75,SQUARE_OFF_EOD,53.05880508695702,591.75,570.0,1.6042780748663104,6,30.3,17.1,13.2,1109.332,3609.332
BACKTEST,GVPIL,2026-07-06,LONG,2026-07-06 09:30:00+05:30,2026-07-06 15:15:00+05:30,874.4,917.4,808.6,973.1,SQUARE_OFF_EOD,38.35218592753765,874.4,841.5,-3.6337625178826896,6,258.0,26.232,231.768,1341.1,3841.1
BACKTEST,GVPIL,2026-07-07,SHORT,2026-07-07 09:30:00+05:30,2026-07-07 15:15:00+05:30,901.65,882.0,1005.95,745.2,SQUARE_OFF_EOD,35.7519411360972,953.8,901.65,3.2592108131676456,6,117.9,27.0495,90.8505,1431.9505,3931.9505
BACKTEST,GVPIL,2026-07-08,SHORT,2026-07-08 13:45:00+05:30,2026-07-08 15:15:00+05:30,878.85,848.0,917.05,821.55,SQUARE_OFF_EOD,33.21205735307213,897.95,878.85,0.90702947845805,6,185.1,26.3655,158.7345,1590.685,4090.685
BACKTEST,GVPIL,2026-07-09,LONG,2026-07-09 09:30:00+05:30,2026-07-09 15:15:00+05:30,884.0,860.0,816.0,986.0,SQUARE_OFF_EOD,31.837413588163685,884.0,850.0,0.2358490566037736,6,-144.0,26.52,-170.52,1420.165,3920.165
BACKTEST,GVPIL,2026-07-10,SHORT,2026-07-10 09:30:00+05:30,2026-07-10 15:15:00+05:30,864.15,822.95,899.85,810.5999999999999,SQUARE_OFF_EOD,30.08726767387595,882.0,864.15,0.5813953488372093,6,247.2,25.9245,221.2755,1641.4405,4141.4405
BACKTEST,GVPIL,2026-07-13,LONG,2026-07-13 09:30:00+05:30,2026-07-13 15:15:00+05:30,834.7,808.2,765.3,938.8000000000002,SQUARE_OFF_EOD,29.98861186947357,834.7,800.0,-2.7887477975575727,6,-159.0,25.041,-184.041,1457.3995,3957.3995
BACKTEST,GVPIL,2026-07-14,SHORT,2026-07-14 09:30:00+05:30,2026-07-14 15:15:00+05:30,793.6,790.5,831.4,736.9000000000001,SQUARE_OFF_EOD,29.54790931517183,812.5,793.6,0.4454342984409686,6,18.6,23.808,-5.208,1452.1915,3952.1915
BACKTEST,GVPIL,2026-07-16,SHORT,2026-07-16 09:45:00+05:30,2026-07-16 15:15:00+05:30,838.5,822.05,903.6,740.8500000000001,SQUARE_OFF_EOD,27.12771362207117,871.05,838.5,4.749276759884278,6,98.7,25.155,73.545,1525.7365,4025.7365
BACKTEST,GVPIL,2026-07-17,SHORT,2026-07-17 09:30:00+05:30,2026-07-17 15:15:00+05:30,805.0,791.5,854.8,730.3000000000001,SQUARE_OFF_EOD,25.711137815344568,829.9,805.0,0.5960707986132342,6,81.0,24.15,56.85,1582.5865,4082.5865
BACKTEST,GVPIL,2026-07-20,LONG,2026-07-20 09:30:00+05:30,2026-07-20 15:15:00+05:30,804.15,832.55,769.65,855.9,SQUARE_OFF_EOD,25.121350659705648,804.15,786.9,0.1831964624131453,6,170.4,24.1245,146.2755,1728.862,4228.862
BACKTEST,GVPIL,2026-08-27,LONG,2026-08-27 09:30:00+05:30,2026-08-27 15:15:00+05:30,659.1,660.3,626.4999999999999,708.0000000000002,SQUARE_OFF_EOD,25.516367298175737,659.1,642.8,0.272989626394197,6,7.2,19.773,-12.573,1716.289,4216.289
BACKTEST,GVPIL,2026-08-28,SHORT,2026-08-28 10:00:00+05:30,2026-08-28 15:15:00+05:30,653.4,654.0,673.5000000000001,623.2499999999998,SQUARE_OFF_EOD,25.191714715333365,663.45,653.4,0.030289262456466,6,-3.6,19.602,-23.202,1693.087,4193.087
BACKTEST,GVPIL,2026-08-31,SHORT,2026-08-31 09:30:00+05:30,2026-08-31 15:15:00+05:30,635.1,632.15,670.3000000000001,582.3,SQUARE_OFF_EOD,26.005618550107364,652.7,635.1,-0.4434250764525959,6,17.7,19.053,-1.353,1691.734,4191.734
BACKTEST,GVPIL,2026-09-01,SHORT,2026-09-01 09:45:00+05:30,2026-09-01 15:15:00+05:30,625.1,620.0,650.9,586.4000000000001,SQUARE_OFF_EOD,27.03610642345328,638.0,625.1,-0.7514039389385431,6,30.6,18.753,11.847,1703.581,4203.581
BACKTEST,GVPIL,2026-09-02,LONG,2026-09-02 10:15:00+05:30,2026-09-02 15:15:00+05:30,625.0,631.0,591.0,676.0,SQUARE_OFF_EOD,28.25187363774996,625.0,608.0,0.4516129032257991,6,36.0,18.75,17.25,1720.831,4220.831
BACKTEST,GVPIL,2026-09-03,SHORT,2026-09-03 09:30:00+05:30,2026-09-03 10:00:00+05:30,637.05,642.5259,643.8,626.925,TRAILING_SL,29.03305357557928,643.8,637.05,1.5768621236133191,6,-32.8554,19.1115,-51.9669,1668.8641,4168.8641
BACKTEST,DEEPINDS,2026-08-03,LONG,2026-08-03 09:30:00+05:30,2026-08-03 15:15:00+05:30,639.79,644.0,578.01,732.4599999999999,SQUARE_OFF_EOD,28.13460634666204,639.79,608.9,2.508361204013378,6,25.26,19.1937,6.0663,1674.9304,4174.9304
BACKTEST,DEEPINDS,2026-08-04,LONG,2026-08-04 09:30:00+05:30,2026-08-04 10:45:00+05:30,643.9,648.9157999999994,634.75,657.625,TRAILING_SL,31.513724582294632,643.9,634.75,-0.1164596273291925,6,30.0948,19.317,10.7778,1685.7082,4185.7082
BACKTEST,DEEPINDS,2026-08-05,SHORT,2026-08-05 09:30:00+05:30,2026-08-05 09:30:00+05:30,645.55,647.6444999999999,654.1,632.7249999999999,TRAILING_SL,34.664152621494075,654.1,645.55,0.499923088755576,6,-12.567,19.3665,-31.9335,1653.7747,4153.7747
BACKTEST,DEEPINDS,2026-08-06,SHORT,2026-08-06 09:30:00+05:30,2026-08-06 15:15:00+05:30,625.15,622.0,660.4499999999999,572.2,SQUARE_OFF_EOD,35.84393142808432,642.8,625.15,-0.4439598099540497,6,18.9,18.7545,0.1455,1653.9202,4153.9202
BACKTEST,DEEPINDS,2026-08-07,SHORT,2026-08-07 12:15:00+05:30,2026-08-07 15:15:00+05:30,631.95,637.0,684.05,553.8000000000002,SQUARE_OFF_EOD,37.21303584588082,658.0,631.95,1.599678456591647,6,-30.3,18.9585,-49.2585,1604.6617,4104.6617
BACKTEST,DEEPINDS,2026-08-11,LONG,2026-08-11 09:30:00+05:30,2026-08-11 15:15:00+05:30,674.0,674.35,618.0,758.0,SQUARE_OFF_EOD,39.993034238448615,674.0,646.0,0.2927129872130607,6,2.1,20.22,-18.12,1586.5417,4086.5417
BACKTEST,DEEPINDS,2026-08-12,LONG,2026-08-12 10:15:00+05:30,2026-08-12 15:15:00+05:30,678.15,693.3,621.85,762.5999999999999,SQUARE_OFF_EOD,41.49834782648229,678.15,650.0,0.0963891154444987,6,90.9,20.3445,70.5555,1657.0972,4157.0972
BACKTEST,DEEPINDS,2026-08-13,SHORT,2026-08-13 10:00:00+05:30,2026-08-13 15:15:00+05:30,685.1,664.0,711.8000000000001,645.05,SQUARE_OFF_EOD,43.35744276895606,698.45,685.1,0.4038655704601281,6,126.6,20.553,106.047,1763.1442,4263.1442
BACKTEST,DEEPINDS,2026-08-14,SHORT,2026-08-14 09:30:00+05:30,2026-08-14 15:15:00+05:30,662.25,671.0,700.3499999999999,605.1000000000001,SQUARE_OFF_EOD,44.84116462048832,681.3,662.25,0.9036144578313252,6,-52.5,19.8675,-72.3675,1690.7767,4190.7767
BACKTEST,DEEPINDS,2026-08-17,LONG,2026-08-17 09:30:00+05:30,2026-08-17 15:15:00+05:30,683.8,679.2,644.2,743.1999999999998,SQUARE_OFF_EOD,46.31012433122992,683.8,664.0,0.1564828614008874,6,-27.6,20.514,-48.114,1642.6627,4142.6627
BACKTEST,DEEPINDS,2026-08-18,LONG,2026-08-18 10:15:00+05:30,2026-08-18 15:15:00+05:30,690.75,715.5,665.05,729.3000000000001,SQUARE_OFF_EOD,47.75314926325349,690.75,677.9,0.6257361601884569,6,148.5,20.7225,127.7775,1770.4402,4270.4402
BACKTEST,DEEPINDS,2026-08-19,SHORT,2026-08-19 09:30:00+05:30,2026-08-19 15:15:00+05:30,698.05,658.0,741.95,632.1999999999998,SQUARE_OFF_EOD,49.81304231603319,720.0,698.05,0.3424178895877072,6,240.3,20.9415,219.3585,1989.7987,4489.7987
BACKTEST,DEEPINDS,2026-08-20,LONG,2026-08-20 09:45:00+05:30,2026-08-20 15:15:00+05:30,663.1,659.95,620.9799999999999,726.2800000000002,SQUARE_OFF_EOD,47.91440925836513,663.1,642.04,0.5395136778115432,6,-18.9,19.893,-38.793,1951.0057,4451.0057
BACKTEST,DEEPINDS,2026-08-21,LONG,2026-08-21 09:30:00+05:30,2026-08-21 15:15:00+05:30,670.0,690.0,634.7,722.9499999999999,SQUARE_OFF_EOD,47.41502835995787,670.0,652.35,-0.7576331540268201,6,120.0,20.1,99.9,2050.9057,4550.9057
BACKTEST,DEEPINDS,2026-08-24,SHORT,2026-08-24 09:30:00+05:30,2026-08-24 15:15:00+05:30,677.55,672.3,711.6500000000001,626.3999999999997,SQUARE_OFF_EOD,47.92926830186985,694.6,677.55,0.5362318840579776,6,31.5,20.3265,11.1735,2062.0792,4562.0792
BACKTEST,DEEPINDS,2026-08-25,SHORT,2026-08-25 09:30:00+05:30,2026-08-25 09:30:00+05:30,670.0,670.3099999999998,678.35,657.4749999999999,TRAILING_SL,47.30432380340832,678.35,670.0,0.4685408299866266,6,-1.86,20.1,-21.96,2040.1192,4540.1192
BACKTEST,DEEPINDS,2026-08-26,LONG,2026-08-26 10:00:00+05:30,2026-08-26 15:15:00+05:30,651.95,665.9,600.1499999999999,729.6500000000003,SQUARE_OFF_EOD,44.35343082853272,651.95,626.05,0.4714064914992201,6,83.7,19.5585,64.1415,2104.2607,4604.2607
BACKTEST,DEEPINDS,2026-08-27,SHORT,2026-08-27 09:45:00+05:30,2026-08-27 15:15:00+05:30,658.55,665.0,680.75,625.2499999999999,SQUARE_OFF_EOD,42.34727418701236,669.65,658.55,0.1651899684637367,6,-38.7,19.7565,-58.4565,2045.8042,4545.8042
BACKTEST,DEEPINDS,2026-08-28,LONG,2026-08-28 09:30:00+05:30,2026-08-28 15:15:00+05:30,685.0,672.0,647.0,742.0,SQUARE_OFF_EOD,40.98337270636258,685.0,666.0,0.150375939849624,6,-78.0,20.55,-98.55,1947.2542,4447.2542
BACKTEST,DEEPINDS,2026-08-31,SHORT,2026-08-31 09:45:00+05:30,2026-08-31 13:00:00+05:30,665.0,684.2099999999999,688.2,630.1999999999999,TRAILING_SL,39.34368456066586,676.6,665.0,0.6845238095238129,6,-115.26,19.95,-135.21,1812.0442,4312.0442
BACKTEST,DEEPINDS,2026-09-01,SHORT,2026-09-01 09:30:00+05:30,2026-09-01 15:15:00+05:30,690.05,664.0,719.8500000000001,645.3499999999997,SQUARE_OFF_EOD,39.203246846517175,704.95,690.05,2.326595899374728,6,156.3,20.7015,135.5985,1947.6427,4447.6427
BACKTEST,DEEPINDS,2026-09-02,LONG,2026-09-02 10:30:00+05:30,2026-09-02 15:15:00+05:30,677.85,697.05,643.2499999999999,729.7500000000002,SQUARE_OFF_EOD,38.55220986638601,677.85,660.55,0.4292168674698829,6,115.2,20.3355,94.8645,2042.5072,4542.5072
BACKTEST,DEEPINDS,2026-09-03,LONG,2026-09-03 09:30:00+05:30,2026-09-03 15:15:00+05:30,719.8,748.05,688.4000000000001,766.8999999999997,SQUARE_OFF_EOD,38.14355400666769,719.8,704.1,2.1447528871673547,6,169.5,21.594,147.906,2190.4132,4690.4132
